country,gdp
"Haiti",2.956
"Honduras",6.468
"Nicaragua",7.487
"Bolivia",9.844
"Jamaica",10.291
"El Salvador",11.404
"Guatemala",12.389
"Belize",12.455
"Ecuador",14.472
"Peru",15.294
"Paraguay",15.783
"Grenada",16.946
"Dominica",17.420
"St. Vincent and the Grenadines",18.335
"Colombia",18.692
"Brazil",19.018
"Suriname",19.044
"Barbados",19.224
"Mexico",22.143
"Dominican Republic",23.088
"Saint Lucia",23.403
"Costa Rica",26.293
"Argentina",27.105
"Antigua and Barbuda",28.967
"Chile",29.463
"St. Kitts and Nevis",30.409
"Uruguay",31.019
"Trinidad and Tobago",31.706
"Bahamas",33.106
"Panama",35.864
"Puerto Rico",42.995
"Guyana",49.315
"Canada",55.919
"United States",74.578
